Title,price,rating,reviews
"Texas Instruments TI-30XIIS Scientific Calculator, Black with Blue Accents",9.99,4.7,47002
"CATIGA 12 Digits Desktop Calculator with Large LCD Display and Sensitive Button, Dual Solar Power and Battery, Standard Function for Office, Home, School, CD-2786",9.99,4.7,15101
Casio MS-80B Standard Function Desktop Calculator,8.99,4.7,13505
"Casio HS-8VA, Solar Powered Standard Function Calculator",4.23,4.4,10417
Texas Instruments TI-30XS MultiView Scientific Calculator,15.44,4.8,35227
"Office Desk Calculator, Cute Calculator for Kids, Basic Calculators Desktop, Dual Power Simple Financial Calculator with Big Button Large Display for Office Home and School (Blue)",6.99,4.4,96
"Texas Instruments TI-84 Plus CE Color Graphing Calculator, Black",119.99,4.7,26913
"Amazon Basics LCD 8-Digit Desktop Calculator, 1 Pack, Small, Black",9.49,4.6,9444
"Calculator, Splaks 2 Pack Standard Functional Desktop Calculators Solar and AA Battery Dual Power Electronic Office Calculators with 12-Digit Large Display (1 Basic Black&1 Updated Silver)",15.99,4.3,2408
"Mr. Pen- Mechanical Switch Calculator, 12 Digits, Large LCD Display, Pink Calculator Big Buttons, Mechanical Calculator, Calculators Desktop Calculator, Cute Calculator, Aesthetic Calculator Pink",9.99,4.6,1327
"Desk Calculator 12 Digit Extra Large LCD Display, Touch Comfortable with Big Buttons, PXY Two Way Power Battery and Solar Standard Function Office Calculators",14.99,4.6,1498
"Calculator, Deli Standard Function Desktop Calculators with 12 Digit Large LCD Display and Sensitive Button, Solar Battery Dual Power Office Calculator, Green",8.99,4.5,1956
Texas Instruments TI-1795 SV Standard Function Calculator,14.14,4.7,2805
"Calculators, BESTWYA 12-Digit Dual Power Handheld Desktop Calculator with Large LCD Display Big Sensitive Button (Black, Pack of 5)",20.99,4.5,1309
"Cute Pink Desktop Calculator with Big Buttons, Dual Power Source, Solar and Battery, Large Display Screen - Perfect for Office, Teachers, and Students (Pink)",5.99,4.3,698
"Texas Instruments TI-84 Plus Graphics Calculator, Black 320 x 240 pixels (2.8"" diagonal)",107.9,4.7,18479
Texas Instruments TI-34 MultiView Scientific Calculator,20.54,4.7,8895
Texas Instruments TI-Nspire CX II CAS Color Graphing Calculator with Student Software (PC/Mac),152.75,4.7,8686
"M&G Desk Calculator 12 Digit Office Calculators with Large LCD Display, Dual Solar Power and Battery, Recessed Big Button Calculator for Office Home School (Black)",7.69,4.4,470
"Desk Calculator 12 Digit Extra Large 4.3-Inch LCD Display, Two Way Power Battery and Solar Calculators Desktop, Big Buttons Easy to Press Used as Office Calculators for Desk White",14.99,4.4,2538
"Canon Office Products 2198C001 Canon MP11DX-2 Desktop Printing Calculator with Currency Conversion, Clock and Calendar",61.09,4.6,937
Texas Instruments TI-36X Pro Engineering/Scientific Calculator | 9.7 Inch | Black.,20.73,4.8,21953
Casio Inc. SL-300SV Solar Powered Standard Function Calculator,8.02,4.6,3931
"Sharp EL-1901 Paperless Printing Calculator with Check and Correct, 12-Digit LCD Primary Display, Functions the Same as a Printing Calculator/Adding Machine with Scrolling LCD Display Instead of Paper",63.99,4.5,2555
"Canon P23-DHV-3 Printing Calculator with Double Check Function, Tax Calculation and Currency Conversion",38.47,4.5,3396
"Sharp EL2196BL Standard Function Calculator, Black",96.41,4.6,1271
Sharp EL-1197PIII Heavy Duty Color Printing Calculator with Clock and Calendar,81.44,4.7,3067
"Mr. Pen- Calculator, Pink, Calculators Large Display, Standard Function Calculator, 12-Digit, Calculators Desktop, Office Calculator, Desktop Calculator, Desk Calculator Large Display, Pink Calculator",4.99,3.8,1008
"M&G Mechanical Switch Calculator, 12 Digits, Large LCD Display and Big Buttons, Cute Pink Desktop Calculator for Office, Home, School (Battery Included)",8.99,4.6,178
"Desktop Calculator, Light Blue Calculator Big Buttons, 12-Digits Large LCD Display, Solar and AA Battery Dual Power, Desk Calculator for Office Home School Business Class (Light Blue)",5.99,4,49
"Casio HS-4G, Elementary/Secondary Standard Function Calculator",3.17,4.1,223
Flutesan 24 Pieces Basic Calculators for Students Small Pocket Size Mini Calculators Dual Powered Handheld Calculator 8 Digit Display Desktop School Supplies for Desktop Home Kids Office(Black),33.99,3.9,94
"Texas Instruments TI-84 Plus Graphics Calculator, Black (Renewed)",84.44,4.5,640
"Casio fx-115ESPLUS2 2nd Edition, Advanced Scientific Calculator",17.39,4.7,6191
"Sharp EL-T3301 Thermal Printing Calculator, Black Print, 8 Lines/Sec",92.43,4.4,114
"Amazon Basics LCD 8-Digit Desktop Calculator, 5-Pack, Silver",35.03,4.5,122
"Texas Instruments TI-84 Plus CE Color Graphing Calculator, Teal (Metallic)",129,4.8,1835
"Sharp QS-2130 12-Digit Commercial Desktop Calculator with Kickstand, Arithmetic Logic, Battery and Solar Hybrid Powered LCD Display, Great For Home and Office Use,Gray and Black Small",60.35,4.7,392
"Texas Instruments TI-84 Plus CE Graphing Calculator, Black",126.99,4.7,2580
"Victor Printing Calculator, 1208-2 Compact and Reliable Adding Machine with 12 Digit LCD Display, Battery or AC Powered, Includes Adapter,White",40.82,4.4,2874
"Sharp EL-1801V Ink Printing Calculator, Fluorescent Display, AC, Off-White",66.99,4.4,7503
"Desk Calculator,12 Digits, Large LCD Display,Big Buttons,Solar and Battery Dual Power Desktop Calculators,Cute and Aesthetic,Suitable for Office and Study (Ombre Purple, M)",7.99,4.8,68
Casio DJ-120D Business Desktop Calculator with Check & Correct,15.67,4.5,3993
Canon CNMMP11DX - MP11DX Printing Calculator,73.99,4.6,215
"Desk Calculator, 12-Digit Solar Battery Office Calculator with Large LCD Display Big Sensitive Button, Dual Power Desktop Calculators (1)",5.29,4.1,2782
"Sharp EL-1750V Two-Color Printing Calculator 2 Lines/Sec 3"" Black/Red",58.18,4.5,3476
"Calculated Industries 4065 Construction Master Pro Advanced Construction Math Feet-inch-Fraction Calculator for Contractors, Estimators, Builders, Framers, Remodelers, Renovators and Carpenters",49.95,4.8,4542
"CATIGA 12 Digit Desktop Calculator with Large LCD Display, 4 Funtions Calculator, Round Design Big Button, Solar and Battery Dual Power, Standard Function for Office, Home, School, SD-1292",9.99,4.8,3643
EAI 560439 Texas Instruments TI-36X Pro Scientific Calculator Small,27.59,4.7,465
Graphing Calculator,99.99,4.6,7338
Texas Instruments TI-503 SV Standard Function Calculator,6.52,4.6,2706
"Canon Office Products 2202C001 Canon MP25DV-3 Desktop Printing Calculator with Currency Conversion, Clock & Calendar",69.13,4.5,490
"Sharp EL-334WB Business Calculator, White 4.0",14.99,4.7,1419
"Canon Office Products HS-1200TS Business Calculator, Black, 4 7/8 x 6 7/8",13.99,4.7,689
"Casio HR-10RC, Mini-Desktop Printing Calculator (New Version of The HR-8TM)",19.49,4.4,3938
15 Pieces 2 Line Engineering Scientific Calculator Function Calculator Calculator Large Display Math Calculator for Student Teacher Classroom High School College School Business Offices Black,57.99,4.2,121
"Texas Instruments BA II Plus Financial Calculator, Black Medium",29.99,4.7,20579
"Casio fx-260SOLARII 1-Line Scientific Calculator, Black",9.79,4.6,5324
24 Pack Basic Calculators for Students Pocket Size Mini Calculators 8 Digit Display Basic Calculator Solar Battery Dual Power Handheld Calculators for Office School and Home,33.99,3.8,56
"Casio Inc. JF-100BM Standard Function Calculator,Multicolor, 4 1/4 x 6 7/8",12.24,4.7,775
FX-300ESPLS2-SA-IT,9.59,4.7,6868
"CATIGA CS229 Scientific Calculator with Graphics Functions, Multiple Modes with Intuitive User Interface for Beginners and Advanced Courses",39.99,4.4,5299
FX-991CW Advanced Scientific Calculator,19.99,4.7,1140
"Texas Instruments TI-84 Plus CE Color Graphing Calculator, Bionic Blue Small",137.97,4.6,2785
"Mr. Pen- Mechanical Switch Calculator, 10 Digits, Blue Calculator, Transparent Body, Large LCD Display, Big Buttons Mechanical Calculator Desktop Calculator, Cute Calculator, Aesthetic Calculator",6.99,4.1,8
Texas Instruments TI-Nspire CX II Color Graphing Calculator with Student Software (PC/Mac) White 3.54 x 7.48,143.82,4.7,3702
"Learning Resources Primary Calculator - 10 Pieces, Ages 3+, Basic Solar Powered Calculators, Teacher Supplies, Back to School Supplies",42.79,4.5,242
"LICHAMP Desk Calculators with Big Buttons and Large Display, Office Desktop Calculator Basic 12 Digit with Solar Power and AA Battery (Included), 6 Bulk Pack",25.99,4.5,213
"Calculator,12 Digit Extra Large LCD Display Office Desk Calculators, Two Way Power Battery and Solar,Big Button Standard Basic 4 Function Desktop Calculators for Office Financial Accounting Business",13.99,4.4,4567
"Comix Desktop Calculator 12 Digit with Large LCD Display and Big Button, 12 Digits Baisc Calculator, Solar Battery Dual Powered, for Office Home School C-1832 (Black)",6.99,4.6,630
Texas Instruments TI-108 Solar Power Calculator/Teacher’s Kit (set of 10),60.55,4.6,122
Sharp Calculators EL-243SB 8-Digit Pocket Calculator,6.39,4.5,3847
"Texas Instruments ti-84 Plus Ce Color Graphing Calculator, Black",135,4.5,433
"Mechanical Switch Calculator,10 Digits,Large LCD Display,Purple Calculator Big Buttons,Cute Calculator,Calculators Desktop Calculator,Aesthetic CalculatorMechanical Switch (Gradient Purple, S)",7.89,4.5,320
"Empire Desk Calculator with Large Key Buttons, 12 Digits, Large Eye-Angled Display, Solar and Battery Powered for Home and Office (Battery Included)",9.99,4.7,2405
"CATIGA New & Upgraded 2024 Printing Calculator Adding Machine 10 Key, Desktop Home Office Calculator with Paper Roll Print Out, Accounting Business Finance",39.99,4.3,1288
Large Electronic Calculator Counter Solar & Battery Power 12 Digit Display Multi-Functional Big Button for Business Office School Calculating (1 x Calculator),9.95,4.6,2405
"Mechanical Switch Calculator with Big Buttons, Calculators Desktop, 12 Digits, Large LCD Display, Desk Calculator, Cute Pink Calculator for Teachers Students Basic Office (Pink)",6.99,4.6,184
"Mechanical Switch Calculator, JS05, Basic 10-Digit Desktop Calculator for Office, School, Home, Business Use (Black)",19.99,4.2,32
"Casio DM-1200BM,Business Desktop Calculator, Extra Large Display",--,4.7,1861
"VEWINGL Standard Calculator 12 Digit,Desktop Large Display and Buttons,Calculator with Large LCD Display for Office,School, Home & Business Use,Automatic Sleep,with Battery",9.99,4.6,1108
"Texas Instruments TI-84 Plus CE Color Graphing Calculator, Bright White",134.97,4.7,2112
TEXAS INSTRUMENTS 30XIIS Scientific/Math Calculator - Orange,32.9,4.7,100
"Canon TX-220TSII Standard Function Calculator, White, 1.2"" x 5.7"" x 5.7",16.99,4.5,180
"Konohan 8 Pieces 12-Digit Calculator, Solar Basic Desktop Calculator Large Display Electronic Dual Power Handheld for Home Office School(Black)",27.99,4.3,149
"Mr. Pen- Mechanical Switch Calculator, 10 Digits, Purple Calculator, Transparent Body, Large LCD Display, Big Buttons Mechanical Calculator Desktop Calculator, Cute Calculator, Aesthetic Calculator",6.85,3.4,27
"Helect Calculator, Standard Function Calculator (Black)",9.99,4.6,25186
"Calculated Industries 8510 Home ProjectCalc Do-It-Yourselfers Feet-Inch-Fraction Project Calculator | Dedicated Keys for Estimating Material Quantities and Costs for Home Handymen and DIYs , White Small",18.99,4.7,1778
CASIO PRIZM FX-CG50 Color Graphing Calculator,94.88,4.8,3275
"Texas Instruments TI-30X IIS 2-Line Scientific Calculator, Lime Green",34.99,4.8,773
HP 10bII+ Financial Calculator,31.95,4.7,1210
Casio FX-350ES Plus Scientific Calculator,18.5,4.4,353
"CATIGA Desktop Calculator 8 Digit with Solar Power and Easy to Read LCD Display, Big Buttons, for Home, Office, School, Class and Business, 4 Function Small Basic Calculators for Desk, CD-8185",9.99,4.7,12521
Casio fx-55 Plus Elementary/Middle School Fraction Calculator (FX-55PLUS),15.15,4.6,1331
Canon Office Products BS-1200TS Business Calculator,31.99,4.3,42
BUY NOW DIRECT -Texas Instruments TI-30XA Scientific Calculator-PT# BND- UTTEXTI30XA,17.95,4.4,60
Canon Office Products BS-1200TS Business Calculator,31.99,4.3,42
Pocket Size Student Function Calculator Basic Solar Battery Calculator Bulk Mini Colorful Calculator for Student Kids School Home Office Desktop Accounting Tools(9 Pieces),19.99,4.1,95
HP 12CP Financial Calculator,39.94,4.6,2702
"M&G Desktop Calculator 12 Digits Extra Large LCD Display, Dual Solar Power and Battery, Mechanical Calculator with Big Buttons, Battery Include, Basic Financial Calculator for Office Home School",16.99,4.6,18
"Victor 1190 Desktop Display Calculator, Black, 1"" x 5.9"" x 7.8",20.69,4.5,373
"Desk Calculator, 12-Digit Solar Battery Office Calculator with Large LCD Display Big Sensitive Button, Dual Power Desktop Calculators",9.99,4.5,863
"20 Pieces Bulk Solar Calculator for Students Kids Basic Pocket Mini Dual Power 10 Function Calculator Small for Class Office School Students Kids, No Battery",28.99,3.8,19
"Calculator, Deli Standard Function Basic Calculators, Solar Battery Dual Power Office Calculator with Cover, Metal Panel",7.99,4.5,1661
Texas Instruments Ti-84 plus Graphing calculator - Black,104.88,4.6,2651
Victor 1460-4 12 Digit Extra Heavy Duty Commercial Printing Calculator,114.92,4.4,221
"Casio fx-300MSPLUS2 2nd Edition, Standard Scientific Calculator",10.98,4.7,924
"VEWINGL Mechanical Switch Calculator,Calculator Cute 12 Digit Large LCD Display and Buttons,Calculator with Large LCD Display Great for Everyday Life and Basic Office Work.with Battery (Colorful Blue)",14.99,4.7,1594
"Texas Instruments TI-84 PLUS CE Graphing Calculator, Black (Frustration-Free Packaging) (84PLCE/PWB/2L1/A)",129.99,4.7,3474
"PATIKIL Basic 8 Digit LCD Display 4 Function Small Desktop Battery Powered Handheld Calculator for Home Office, Red",9.99,3.7,16
"Calculator Pink, Basic Small Solar and Battery Operated, Large Display Four Function, Auto Powered Handheld Calculator School and Kids Available in Green, Red, Purple, Grey, Blue, 1 PK – by Enday",5.99,3.9,1360
"Desk Calculator with Big Buttons and Large Display, Basic Calculator 12-Digit Calculators with Solar Power and AA Battery Dual Power Handheld Desktop Calculator for Office Home School",5.37,3,2
"Better Office Products Large Desktop Calculators, 5 Pack, 12-Digit LCD Display, Angled Display Panel, Standard Function, Black, Dual Power with Included AA Battery Power, 5 Pack",20.95,4.3,156
Canon Office Products WS-1400H Business Calculator,30,4.6,55
"Mr. Pen- Mechanical Switch Calculator, 10 Digits, Purple Calculator, Transparent Body, Large LCD Display, Big Buttons Mechanical Calculator Desktop Calculator, Cute Calculator, Aesthetic Calculator",6.85,3.4,27
"deli Standard Function Basic Calculator, 12 Digit Desktop Calculator with Large LCD Display, Solar Battery Dual Power Office Calculator, Pink",5.99,4.6,167
"Calculators, Benkaim Desk Calculator,Basic Standard Calculator,12 Digit Large LCD Display Big Button Calculator for School, Home & Business Use(Pink Gradient)",15.99,4.7,335
"Texas Instruments BAII Plus Financial Calculator, Black",35.48,4.6,1880
"Comix Desktop Calculator, Large Computer Keys, 12 Digits Display, Champaign Gold Color Panel, C-2735",18.99,4.6,1297
"Texas Instruments TI-84 Plus CE Color Graphing Calculator, Rose Gold (Metallic)",149.99,4.8,4304
"PATIKIL Basic 8 Digit LCD Display 4 Function Small Desktop Battery Powered Handheld Calculator for Home Office, Red",9.99,3.7,16
Casio FX-991ES Plus-2nd Edition Scientific Calculator,24.75,4.7,11232
"Canon P170DH3 12-Digit Desktop Printing Calculator, White",51.32,4.5,179
"Casio HR-170RC Plus, Desktop Printing Calculator (New Version of The HR-100TM)",33.99,4.6,4440
"Sharp EL-310WB Calculator, White 3.125, 3.38 x 4.75 x 1.0 inches",15.96,4.5,1113
"Electronic Calculator,12 Digits Large LCD Display Small Desktop Calculator,Pink Basic Calculators with Big Buttons,Easy to Press Mechanical Switch Calculator Office Supplies for Home and School (Pink)",7.72,4.5,49
"Calculators, KK-837-12S Standard Function Desktop Calculator, 12 Digit Large LCD Display, Battery and Solar Powered Basic Calculators for Office, Primary School, Market or Home Use, Black",6.39,4.3,209
"12 Pack Pocket Size Mini Calculator Basic Calculator for Students 8 Digit Display Solar Battery Dual Power Small Desktop Home Office School Students Kids, 4 Colors",22.99,4,37
Casio FX-991ES Plus-2nd Edition Scientific Calculator,24.75,4.7,11232
"Sharp EL-310WB Calculator, White 3.125, 3.38 x 4.75 x 1.0 inches",15.96,4.5,1113
Texas Instruments TI108 Single 108/BK/D by Texas Instruments,11.99,4.6,78
"Helect 12 Digit Desktop Calculator, Standard Function Business Desktop Calculator, Silver",9.99,4.5,5539
Texas Instruments TI-83 Plus Graphing Calculator (Renewed),59.99,4.4,805
"Texas Instruments TI-30X IIS 2-Line Scientific Calculator, Lavender",39.99,4.8,885
LED Back-Light Calculator Desktop SMT-200 / Added Sound Function (White),15.8,4.2,730
"12 Pack Pocket Size Mini Calculator Basic Calculator for Students 8 Digit Display Solar Battery Dual Power Small Desktop Home Office School Students Kids, 4 Colors",22.99,4,37
12 Pieces Pocket Size Mini Calculators Handheld Angled 8-Digit Display Calculators Basic Standard Small Accounting Desktop Supplies for Office School and Home,17.99,3.8,107
"Scientific Calculators, IPepul Pink Math Calculator with 417 Function, Solar Battery Power and 4-Line Display, School Supplies for Middle High College Students Teachers (Pink 991ES Plus)",15.99,4.4,365
"Calculator, Desk Calculators, Cute Pink Calculator, 12 Digit with Large LCD Display, Basic Standard Calculator, Big Button, Aesthetic Calculator, Mechanical Calculator for Office School",9.99,4.1,23
"12 Digit Desktop Calculator with Large LCD Display and Sensitive Button, Dual Solar Power and Battery, Standard Function for Office (YE8898)",8.95,4.5,20
"TI-84 Plus CE Color Graphing Calculator, White",139.7,4.7,2294
12 Digits Desk Calculator with Large Display LCD and Sensitive Big Buttons Dual Power Solar Calculator with Battery Standard Functions Basic Calculators for Offices Home Schools CF-1453,8.99,4.3,37
"Scientific Calculator with Graphing, Includes Carrying Case, for College and High School Students, Calculus, Algebra, Geometry, Trigonometry, Statistics, Physics, Chemistry, Black",49.99,4.3,69
"Casio HR-170RC Printing Calculator, Black, 2.6"" x 6.5"" x 11.6",32.38,4.6,355
"Casio HR-300RC Printing Calculator with Backlit LCD Display,White,Mini-Desktop",43.27,4.5,540
"Texas Instruments Ti-36x Pro Scientific Calculator, 16-Digit LCD",27.5,4.8,827
Canon Office Products LS-555H Business Calculator,12.99,4.6,353
TI 30 XS Multiview Scientific Calculator + WYNGS Protective Case Black,51.99,4.8,120
"Electronic Calculator,12 Digits Large LCD Display Small Desktop Calculator,Pink Basic Calculators with Big Buttons,Easy to Press Mechanical Switch Calculator Office Supplies for Home and School (Pink)",7.72,4.5,49
"8 Pack Desk Calculators with Big Buttons and Large Display Dual Power Desktop Calculators 12 Digit Solar Power Calculator for Office, Home, School",26.99,4.5,29
"Scientific Calculator with Graph Functions for College and High School Students, Engineering, Advanced Mathematics, Calculus, Algebra, Geometery, Trigonometry, Statistics, Physics, Chemistry - Green",39.99,4.3,262
"Scientific Calculator with Graphic Functions - Multiple Modes with Intuitive Interface - Perfect for Beginner and Advanced Courses, High School or College",39.99,4.3,5094
"Mr. Pen- Standard Function Calculator, 12 Digits, Small Calculator, Solar Calculator, Pocket Calculator, Simple Calculator, Basic Office Calculators, Solar Handheld Calculator, Standard Calculator",5.85,4.4,751
"Scientific Calculator for Students, 991 MS Science Calculator for Middle and High School Supplies Calculator with Cover (991MS-Blue)",9.99,4.5,54
Texas Instruments TI-84 Plus CE with Python Graphing Calculator,1492.99,,
"Texas Instruments TI-84 Plus Graphing Calculator, Black",103.85,4.7,5223
"18 Pieces Pocket Calculator,Pocket Size Mini Calculators,8 Digit Display Basic Calculator,Solar Battery Dual Power Desktop Calculators for Students Kids Home Office (Multicolor, 18 Pieces)",29.99,4.4,68
"Scientific Calculators for Students, Blue Math Calculator with Notepad,10-Digit Large Screen, Classroom Must Haves for Middle High School Supplies & College （Blue）",19.99,4.3,1690
"8 Pack Office Calculators Desktop, 12-Digit Solar Basic Desktop Calculator Dual Power Electronic Calculators with Large LCD Display Big Button Handheld Calculator for Office Home and School",27.99,4.7,40
FX-300ESPLS2BUSAIT,9.49,4.7,1965