,Title,price,rating,combined
30,"Casio HS-4G, Elementary/Secondary Standard Function Calculator",3.17,4.1,3.222222222222222
3,"Casio HS-8VA, Solar Powered Standard Function Calculator",4.23,4.4,3.100619182270027
115,"deli Standard Function Basic Calculator, 12 Digit Desktop Calculator with Large LCD Display, Solar Battery Dual Power Office Calculator, Pink",5.99,4.6,2.869672106569141
50,Texas Instruments TI-503 SV Standard Function Calculator,6.52,4.6,2.7866918419062583
41,"Desk Calculator,12 Digits, Large LCD Display,Big Buttons,Solar and Battery Dual Power Desktop Calculators,Cute and Aesthetic,Suitable for Office and Study (Ombre Purple, M)",7.99,4.8,2.767922732671087
152,"Mr. Pen- Standard Function Calculator, 12 Digits, Small Calculator, Solar Calculator, Pocket Calculator, Simple Calculator, Basic Office Calculators, Solar Handheld Calculator, Standard Calculator",5.85,4.4,2.723860554408311
69,"Comix Desktop Calculator 12 Digit with Large LCD Display and Big Button, 12 Digits Baisc Calculator, Solar Battery Dual Powered, for Office Home School C-1832 (Black)",6.99,4.6,2.7236329331942395
77,"Mechanical Switch Calculator with Big Buttons, Calculators Desktop, 12 Digits, Large LCD Display, Desk Calculator, Cute Pink Calculator for Teachers Students Basic Office (Pink)",6.99,4.6,2.7236329331942395
71,Sharp Calculators EL-243SB 8-Digit Pocket Calculator,6.39,4.5,2.723248709671727
14,"Cute Pink Desktop Calculator with Big Buttons, Dual Power Source, Solar and Battery, Large Display Screen - Perfect for Office, Teachers, and Students (Pink)",5.99,4.3,2.616465744224805
22,Casio Inc. SL-300SV Solar Powered Standard Function Calculator,8.02,4.6,2.6112865631230266
47,"CATIGA 12 Digit Desktop Calculator with Large LCD Display, 4 Funtions Calculator, Round Design Big Button, Solar and Battery Dual Power, Standard Function for Office, Home, School, SD-1292",9.99,4.8,2.60569889317048
2,Casio MS-80B Standard Function Desktop Calculator,8.99,4.7,2.603405342646966
159,FX-300ESPLS2BUSAIT,9.49,4.7,2.566515517930164
5,"Office Desk Calculator, Cute Calculator for Kids, Basic Calculators Desktop, Dual Power Simple Financial Calculator with Big Button Large Display for Office Home and School (Blue)",6.99,4.4,2.563419231241638
125,"Electronic Calculator,12 Digits Large LCD Display Small Desktop Calculator,Pink Basic Calculators with Big Buttons,Easy to Press Mechanical Switch Calculator Office Supplies for Home and School (Pink)",7.72,4.5,2.5632406460599757
148,"Electronic Calculator,12 Digits Large LCD Display Small Desktop Calculator,Pink Basic Calculators with Big Buttons,Easy to Press Mechanical Switch Calculator Office Supplies for Home and School (Pink)",7.72,4.5,2.5632406460599757
44,"Desk Calculator, 12-Digit Solar Battery Office Calculator with Large LCD Display Big Sensitive Button, Dual Power Desktop Calculators (1)",5.29,4.1,2.5628762284729802
60,FX-300ESPLS2-SA-IT,9.59,4.7,2.559599156632895
126,"Calculators, KK-837-12S Standard Function Desktop Calculator, 12 Digit Large LCD Display, Battery and Solar Powered Basic Calculators for Office, Primary School, Market or Home Use, Black",6.39,4.3,2.558203333327986
73,"Mechanical Switch Calculator,10 Digits,Large LCD Display,Purple Calculator Big Buttons,Cute Calculator,Calculators Desktop Calculator,Aesthetic CalculatorMechanical Switch (Gradient Purple, S)",7.89,4.5,2.546676730615333
103,"Calculator, Deli Standard Function Basic Calculators, Solar Battery Dual Power Office Calculator with Cover, Metal Panel",7.99,4.5,2.5372625049484965
1,"CATIGA 12 Digits Desktop Calculator with Large LCD Display and Sensitive Button, Dual Solar Power and Battery, Standard Function for Office, Home, School, CD-2786",9.99,4.7,2.5333183683601894
74,"Empire Desk Calculator with Large Key Buttons, 12 Digits, Large Eye-Angled Display, Solar and Battery Powered for Home and Office (Battery Included)",9.99,4.7,2.5333183683601894
92,"CATIGA Desktop Calculator 8 Digit with Solar Power and Easy to Read LCD Display, Big Buttons, for Home, Office, School, Class and Business, 4 Function Small Basic Calculators for Desk, CD-8185",9.99,4.7,2.5333183683601894
0,"Texas Instruments TI-30XIIS Scientific Calculator, Black with Blue Accents",9.99,4.7,2.5333183683601894
28,"M&G Mechanical Switch Calculator, 12 Digits, Large LCD Display and Big Buttons, Cute Pink Desktop Calculator for Office, Home, School (Battery Included)",8.99,4.6,2.529022332857052
7,"Amazon Basics LCD 8-Digit Desktop Calculator, 1 Pack, Small, Black",9.49,4.6,2.4931865031321587
18,"M&G Desk Calculator 12 Digit Office Calculators with Large LCD Display, Dual Solar Power and Battery, Recessed Big Button Calculator for Office Home School (Black)",7.69,4.4,2.4884748721551593
106,"Casio fx-300MSPLUS2 2nd Edition, Standard Scientific Calculator",10.98,4.7,2.4765077053501954
57,"Casio fx-260SOLARII 1-Line Scientific Calculator, Black",9.79,4.6,2.4734420224849605
76,Large Electronic Calculator Counter Solar & Battery Power 12 Digit Display Multi-Functional Big Button for Business Office School Calculating (1 x Calculator),9.95,4.6,2.4633984648920944
80,"VEWINGL Standard Calculator 12 Digit,Desktop Large Display and Buttons,Calculator with Large LCD Display for Office,School, Home & Business Use,Automatic Sleep,with Battery",9.99,4.6,2.460937843549898
9,"Mr. Pen- Mechanical Switch Calculator, 12 Digits, Large LCD Display, Pink Calculator Big Buttons, Mechanical Calculator, Calculators Desktop Calculator, Cute Calculator, Aesthetic Calculator Pink",9.99,4.6,2.460937843549898
86,"Helect Calculator, Standard Function Calculator (Black)",9.99,4.6,2.460937843549898
139,"12 Digit Desktop Calculator with Large LCD Display and Sensitive Button, Dual Solar Power and Battery, Standard Function for Office (YE8898)",8.95,4.5,2.4575897553497406
11,"Calculator, Deli Standard Function Desktop Calculators with 12 Digit Large LCD Display and Sensitive Button, Solar Battery Dual Power Office Calculator, Green",8.99,4.5,2.454639323067139
59,"Casio Inc. JF-100BM Standard Function Calculator,Multicolor, 4 1/4 x 6 7/8",12.24,4.7,2.4174944898972996
153,"Scientific Calculator for Students, 991 MS Science Calculator for Middle and High School Supplies Calculator with Cover (991MS-Blue)",9.99,4.5,2.3885573187396067
131,"Helect 12 Digit Desktop Calculator, Standard Function Business Desktop Calculator, Silver",9.99,4.5,2.3885573187396067
101,"Desk Calculator, 12-Digit Solar Battery Office Calculator with Large LCD Display Big Sensitive Button, Dual Power Desktop Calculators",9.99,4.5,2.3885573187396067
4,Texas Instruments TI-30XS MultiView Scientific Calculator,15.44,4.8,2.376938588670038
29,"Desktop Calculator, Light Blue Calculator Big Buttons, 12-Digits Large LCD Display, Solar and AA Battery Dual Power, Desk Calculator for Office Home School Business Class (Light Blue)",5.99,4.0,2.3632593818804692
130,Texas Instruments TI108 Single 108/BK/D by Texas Instruments,11.99,4.6,2.3588395017865422
53,"Canon Office Products HS-1200TS Business Calculator, Black, 4 7/8 x 6 7/8",13.99,4.7,2.3531662886352085
27,"Mr. Pen- Calculator, Pink, Calculators Large Display, Standard Function Calculator, 12-Digit, Calculators Desktop, Office Calculator, Desktop Calculator, Desk Calculator Large Display, Pink Calculator",4.99,3.8,2.350892481878079
12,Texas Instruments TI-1795 SV Standard Function Calculator,14.14,4.7,2.348393341473471
52,"Sharp EL-334WB Business Calculator, White 4.0",14.99,4.7,2.323150957140003
107,"VEWINGL Mechanical Switch Calculator,Calculator Cute 12 Digit Large LCD Display and Buttons,Calculator with Large LCD Display Great for Everyday Life and Basic Office Work.with Battery (Colorful Blue)",14.99,4.7,2.323150957140003
64,"Mr. Pen- Mechanical Switch Calculator, 10 Digits, Blue Calculator, Transparent Body, Large LCD Display, Big Buttons Mechanical Calculator Desktop Calculator, Cute Calculator, Aesthetic Calculator",6.99,4.1,2.3230986783127334
146,Canon Office Products LS-555H Business Calculator,12.99,4.6,2.3195799777597554
141,12 Digits Desk Calculator with Large Display LCD and Sensitive Big Buttons Dual Power Solar Calculator with Battery Standard Functions Basic Calculators for Offices Home Schools CF-1453,8.99,4.3,2.3058733034873127
116,"Calculators, Benkaim Desk Calculator,Basic Standard Calculator,12 Digit Large LCD Display Big Button Calculator for School, Home & Business Use(Pink Gradient)",15.99,4.7,2.2968898884959796
110,"Calculator Pink, Basic Small Solar and Battery Operated, Large Display Four Function, Auto Powered Handheld Calculator School and Kids Available in Green, Red, Purple, Grey, Blue, 1 PK – by Enday",5.99,3.9,2.2788572610990236
21,Texas Instruments TI-36X Pro Engineering/Scientific Calculator | 9.7 Inch | Black.,20.73,4.8,2.2699331080877556
33,"Casio fx-115ESPLUS2 2nd Edition, Advanced Scientific Calculator",17.39,4.7,2.265198411407798
10,"Desk Calculator 12 Digit Extra Large LCD Display, Touch Comfortable with Big Buttons, PXY Two Way Power Battery and Solar Standard Function Office Calculators",14.99,4.6,2.256775215507431
93,Casio fx-55 Plus Elementary/Middle School Fraction Calculator (FX-55PLUS),15.15,4.6,2.252467181914519
87,"Calculated Industries 8510 Home ProjectCalc Do-It-Yourselfers Feet-Inch-Fraction Project Calculator | Dedicated Keys for Estimating Material Quantities and Costs for Home Handymen and DIYs , White Small",18.99,4.7,2.234701354692834
62,FX-991CW Advanced Scientific Calculator,19.99,4.7,2.218119819666783
16,Texas Instruments TI-34 MultiView Scientific Calculator,20.54,4.7,2.209688181761252
99,"M&G Desktop Calculator 12 Digits Extra Large LCD Display, Dual Solar Power and Battery, Mechanical Calculator with Big Buttons, Battery Include, Basic Financial Calculator for Office Home School",16.99,4.6,2.208756742190321
145,"Texas Instruments Ti-36x Pro Scientific Calculator, 16-Digit LCD",27.5,4.8,2.193045983298691
42,Casio DJ-120D Business Desktop Calculator with Check & Correct,15.67,4.5,2.1732185437952785
118,"Comix Desktop Calculator, Large Computer Keys, 12 Digits Display, Champaign Gold Color Panel, C-2735",18.99,4.6,2.170852744558753
129,"Sharp EL-310WB Calculator, White 3.125, 3.38 x 4.75 x 1.0 inches",15.96,4.5,2.1663367049012647
124,"Sharp EL-310WB Calculator, White 3.125, 3.38 x 4.75 x 1.0 inches",15.96,4.5,2.1663367049012647
128,Casio FX-991ES Plus-2nd Edition Scientific Calculator,24.75,4.7,2.157560435962183
121,Casio FX-991ES Plus-2nd Edition Scientific Calculator,24.75,4.7,2.157560435962183
68,"Calculator,12 Digit Extra Large LCD Display Office Desk Calculators, Two Way Power Battery and Solar,Big Button Standard Basic 4 Function Desktop Calculators for Office Financial Accounting Business",13.99,4.4,2.1514663210379052
83,"Canon TX-220TSII Standard Function Calculator, White, 1.2"" x 5.7"" x 5.7",16.99,4.5,2.143793308596488
89,"Texas Instruments TI-30X IIS 2-Line Scientific Calculator, Lime Green",34.99,4.8,2.1426492798488717
48,EAI 560439 Texas Instruments TI-36X Pro Scientific Calculator Small,27.59,4.7,2.1313813832369233
158,"8 Pack Office Calculators Desktop, 12-Digit Solar Basic Desktop Calculator Dual Power Electronic Calculators with Large LCD Display Big Button Handheld Calculator for Office Home and School",27.99,4.7,2.1281210057633277
19,"Desk Calculator 12 Digit Extra Large 4.3-Inch LCD Display, Two Way Power Battery and Solar Calculators Desktop, Big Buttons Easy to Press Used as Office Calculators for Desk White",14.99,4.4,2.1240237322422884
133,"Texas Instruments TI-30X IIS 2-Line Scientific Calculator, Lavender",39.99,4.8,2.1195141678854665
56,"Texas Instruments BA II Plus Financial Calculator, Black Medium",29.99,4.7,2.113123704246738
90,HP 10bII+ Financial Calculator,31.95,4.7,2.100247992820749
137,"Scientific Calculators, IPepul Pink Math Calculator with 417 Function, Solar Battery Power and 4-Line Display, School Supplies for Middle High College Students Teachers (Pink 991ES Plus)",15.99,4.4,2.1000136123391813
138,"Calculator, Desk Calculators, Cute Pink Calculator, 12 Digit with Large LCD Display, Basic Standard Calculator, Big Button, Aesthetic Calculator, Mechanical Calculator for Office School",9.99,4.1,2.099035219498442
82,TEXAS INSTRUMENTS 30XIIS Scientific/Math Calculator - Orange,32.9,4.7,2.0945592102330974
46,"Calculated Industries 4065 Construction Master Pro Advanced Construction Math Feet-inch-Fraction Calculator for Contractors, Estimators, Builders, Framers, Remodelers, Renovators and Carpenters",49.95,4.8,2.0872315021265417
147,TI 30 XS Multiview Scientific Calculator + WYNGS Protective Case Black,51.99,4.8,2.0821455554169357
100,"Victor 1190 Desktop Display Calculator, Black, 1"" x 5.9"" x 7.8",20.69,4.5,2.081325504226398
13,"Calculators, BESTWYA 12-Digit Dual Power Handheld Desktop Calculator with Large LCD Display Big Sensitive Button (Black, Pack of 5)",20.99,4.5,2.077225760476165
95,BUY NOW DIRECT -Texas Instruments TI-30XA Scientific Calculator-PT# BND- UTTEXTI30XA,17.95,4.4,2.060714062099558
113,Canon Office Products WS-1400H Business Calculator,30,4.6,2.05268077778273
91,Casio FX-350ES Plus Scientific Calculator,18.5,4.4,2.0511823496179695
143,"Casio HR-170RC Printing Calculator, Black, 2.6"" x 6.5"" x 11.6",32.38,4.6,2.0376993839103434
54,"Casio HR-10RC, Mini-Desktop Printing Calculator (New Version of The HR-8TM)",19.49,4.4,2.0353809319535214
8,"Calculator, Splaks 2 Pack Standard Functional Desktop Calculators Solar and AA Battery Dual Power Electronic Office Calculators with 12-Digit Large Display (1 Basic Black&1 Updated Silver)",15.99,4.3,2.034388186953582
123,"Casio HR-170RC Plus, Desktop Printing Calculator (New Version of The HR-100TM)",33.99,4.6,2.0287545716195776
88,CASIO PRIZM FX-CG50 Color Graphing Calculator,94.88,4.8,2.025852023101446
67,"LICHAMP Desk Calculators with Big Buttons and Large Display, Office Desktop Calculator Basic 12 Digit with Solar Power and AA Battery (Included), 6 Bulk Pack",25.99,4.5,2.0228306737810766
117,"Texas Instruments BAII Plus Financial Calculator, Black",35.48,4.6,2.0211997388252687
149,"8 Pack Desk Calculators with Big Buttons and Large Display Dual Power Desktop Calculators 12 Digit Solar Power Calculator for Office, Home, School",26.99,4.5,2.0143701115748525
36,"Texas Instruments TI-84 Plus CE Color Graphing Calculator, Teal (Metallic)",129,4.8,2.0078035035567288
37,"Sharp QS-2130 12-Digit Commercial Desktop Calculator with Kickstand, Arithmetic Logic, Battery and Solar Hybrid Powered LCD Display, Great For Home and Office Use,Gray and Black Small",60.35,4.7,2.0075366877390173
98,HP 12CP Financial Calculator,39.94,4.6,2.0019547992785927
119,"Texas Instruments TI-84 Plus CE Color Graphing Calculator, Rose Gold (Metallic)",149.99,4.8,2.000779942355831
26,Sharp EL-1197PIII Heavy Duty Color Printing Calculator with Clock and Calendar,81.44,4.7,1.9805267220931992
134,LED Back-Light Calculator Desktop SMT-200 / Added Sound Function (White),15.8,4.2,1.972820310371149
157,"Scientific Calculators for Students, Blue Math Calculator with Notepad,10-Digit Large Screen, Classroom Must Haves for Middle High School Supplies & College （Blue）",19.99,4.3,1.9646204117048647
35,"Amazon Basics LCD 8-Digit Desktop Calculator, 5-Pack, Silver",35.03,4.5,1.9639014934079198
155,"Texas Instruments TI-84 Plus Graphing Calculator, Black",103.85,4.7,1.9638481033149708
15,"Texas Instruments TI-84 Plus Graphics Calculator, Black 320 x 240 pixels (2.8"" diagonal)",107.9,4.7,1.9615730605266368
6,"Texas Instruments TI-84 Plus CE Color Graphing Calculator, Black",119.99,4.7,1.9556951591578127
38,"Texas Instruments TI-84 Plus CE Graphing Calculator, Black",126.99,4.7,1.9528035076305255
112,"Better Office Products Large Desktop Calculators, 5 Pack, 12-Digit LCD Display, Angled Display Panel, Standard Function, Black, Dual Power with Included AA Battery Power, 5 Pack",20.95,4.3,1.95184042056909
108,"Texas Instruments TI-84 PLUS CE Graphing Calculator, Black (Frustration-Free Packaging) (84PLCE/PWB/2L1/A)",129.99,4.7,1.9516595649093516
81,"Texas Instruments TI-84 Plus CE Color Graphing Calculator, Bright White",134.97,4.7,1.9498728936859042
70,Texas Instruments TI-108 Solar Power Calculator/Teacher’s Kit (set of 10),60.55,4.6,1.9498438303949226
20,"Canon Office Products 2198C001 Canon MP11DX-2 Desktop Printing Calculator with Currency Conversion, Clock and Calendar",61.09,4.6,1.9489511770197903
24,"Canon P23-DHV-3 Printing Calculator with Double Check Function, Tax Calculation and Currency Conversion",38.47,4.5,1.948751776904397
140,"TI-84 Plus CE Color Graphing Calculator, White",139.7,4.7,1.9482938651512234
65,Texas Instruments TI-Nspire CX II Color Graphing Calculator with Student Software (PC/Mac) White 3.54 x 7.48,143.82,4.7,1.9470031095540037
17,Texas Instruments TI-Nspire CX II CAS Color Graphing Calculator with Student Software (PC/Mac),152.75,4.7,1.9444444444444446
66,"Learning Resources Primary Calculator - 10 Pieces, Ages 3+, Basic Solar Powered Calculators, Teacher Supplies, Back to School Supplies",42.79,4.5,1.9331767910446307
156,"18 Pieces Pocket Calculator,Pocket Size Mini Calculators,8 Digit Display Basic Calculator,Solar Battery Dual Power Desktop Calculators for Students Kids Home Office (Multicolor, 18 Pieces)",29.99,4.4,1.9319988153113037
144,"Casio HR-300RC Printing Calculator with Backlit LCD Display,White,Mini-Desktop",43.27,4.5,1.9316382097693692
43,Canon CNMMP11DX - MP11DX Printing Calculator,73.99,4.6,1.9315001929516513
25,"Sharp EL2196BL Standard Function Calculator, Black",96.41,4.6,1.9122819419042267
122,"Canon P170DH3 12-Digit Desktop Printing Calculator, White",51.32,4.5,1.9101237361728978
49,Graphing Calculator,99.99,4.6,1.910011147896148
104,Texas Instruments Ti-84 plus Graphing calculator - Black,104.88,4.6,1.9071599131408663
78,"Mechanical Switch Calculator, JS05, Basic 10-Digit Desktop Calculator for Office, School, Home, Business Use (Black)",19.99,4.2,1.9012455597143856
45,"Sharp EL-1750V Two-Color Printing Calculator 2 Lines/Sec 3"" Black/Red",58.18,4.5,1.896488202565518
63,"Texas Instruments TI-84 Plus CE Color Graphing Calculator, Bionic Blue Small",137.97,4.6,1.8931771568473459
23,"Sharp EL-1901 Paperless Printing Calculator with Check and Correct, 12-Digit LCD Primary Display, Functions the Same as a Printing Calculator/Adding Machine with Scrolling LCD Display Instead of Paper",63.99,4.5,1.8872263323222962
84,"Konohan 8 Pieces 12-Digit Calculator, Solar Basic Desktop Calculator Large Display Electronic Dual Power Handheld for Home Office School(Black)",27.99,4.3,1.884907176533233
61,"CATIGA CS229 Scientific Calculator with Graphics Functions, Multiple Modes with Intuitive User Interface for Beginners and Advanced Courses",39.99,4.4,1.8840125936759706
39,"Victor Printing Calculator, 1208-2 Compact and Reliable Adding Machine with 12 Digit LCD Display, Battery or AC Powered, Includes Adapter,White",40.82,4.4,1.8810864333793507
51,"Canon Office Products 2202C001 Canon MP25DV-3 Desktop Printing Calculator with Currency Conversion, Clock & Calendar",69.13,4.5,1.8803304024078709
32,"Texas Instruments TI-84 Plus Graphics Calculator, Black (Renewed)",84.44,4.5,1.864764697381945
94,Canon Office Products BS-1200TS Business Calculator,31.99,4.3,1.8600014626995207
96,Canon Office Products BS-1200TS Business Calculator,31.99,4.3,1.8600014626995207
72,"Texas Instruments ti-84 Plus Ce Color Graphing Calculator, Black",135,4.5,1.8384418140340277
97,Pocket Size Student Function Calculator Basic Solar Battery Calculator Bulk Mini Colorful Calculator for Student Kids School Home Office Desktop Accounting Tools(9 Pieces),19.99,4.1,1.8378707077239054
132,Texas Instruments TI-83 Plus Graphing Calculator (Renewed),59.99,4.4,1.836034371077416
40,"Sharp EL-1801V Ink Printing Calculator, Fluorescent Display, AC, Off-White",66.99,4.4,1.8260100809953042
150,"Scientific Calculator with Graph Functions for College and High School Students, Engineering, Advanced Mathematics, Calculus, Algebra, Geometery, Trigonometry, Statistics, Physics, Chemistry - Green",39.99,4.3,1.8251372001235964
75,"CATIGA New & Upgraded 2024 Printing Calculator Adding Machine 10 Key, Desktop Home Office Calculator with Paper Roll Print Out, Accounting Business Finance",39.99,4.3,1.8251372001235964
151,"Scientific Calculator with Graphic Functions - Multiple Modes with Intuitive Interface - Perfect for Beginner and Advanced Courses, High School or College",39.99,4.3,1.8251372001235964
120,"PATIKIL Basic 8 Digit LCD Display 4 Function Small Desktop Battery Powered Handheld Calculator for Home Office, Red",9.99,3.7,1.809513120257278
109,"PATIKIL Basic 8 Digit LCD Display 4 Function Small Desktop Battery Powered Handheld Calculator for Home Office, Red",9.99,3.7,1.809513120257278
34,"Sharp EL-T3301 Thermal Printing Calculator, Black Print, 8 Lines/Sec",92.43,4.4,1.80236512001798
142,"Scientific Calculator with Graphing, Includes Carrying Case, for College and High School Students, Calculus, Algebra, Geometry, Trigonometry, Statistics, Physics, Chemistry, Black",49.99,4.3,1.7972489284741708
105,Victor 1460-4 12 Digit Extra Heavy Duty Commercial Printing Calculator,114.92,4.4,1.7901801262741308
114,"Mr. Pen- Mechanical Switch Calculator, 10 Digits, Purple Calculator, Transparent Body, Large LCD Display, Big Buttons Mechanical Calculator Desktop Calculator, Cute Calculator, Aesthetic Calculator",6.85,3.4,1.7739192312142558
85,"Mr. Pen- Mechanical Switch Calculator, 10 Digits, Purple Calculator, Transparent Body, Large LCD Display, Big Buttons Mechanical Calculator Desktop Calculator, Cute Calculator, Aesthetic Calculator",6.85,3.4,1.7739192312142558
135,"12 Pack Pocket Size Mini Calculator Basic Calculator for Students 8 Digit Display Solar Battery Dual Power Small Desktop Home Office School Students Kids, 4 Colors",22.99,4.0,1.7416241706378492
127,"12 Pack Pocket Size Mini Calculator Basic Calculator for Students 8 Digit Display Solar Battery Dual Power Small Desktop Home Office School Students Kids, 4 Colors",22.99,4.0,1.7416241706378492
55,15 Pieces 2 Line Engineering Scientific Calculator Function Calculator Calculator Large Display Math Calculator for Student Teacher Classroom High School College School Business Offices Black,57.99,4.2,1.7243840224222546
136,12 Pieces Pocket Size Mini Calculators Handheld Angled 8-Digit Display Calculators Basic Standard Small Accounting Desktop Supplies for Office School and Home,17.99,3.8,1.673750970632043
31,Flutesan 24 Pieces Basic Calculators for Students Small Pocket Size Mini Calculators Dual Powered Handheld Calculator 8 Digit Display Desktop School Supplies for Desktop Home Kids Office(Black),33.99,3.9,1.6110698068743705
111,"Desk Calculator with Big Buttons and Large Display, Basic Calculator 12-Digit Calculators with Solar Power and AA Battery Dual Power Handheld Desktop Calculator for Office Home School",5.37,3.0,1.581634286741548
102,"20 Pieces Bulk Solar Calculator for Students Kids Basic Pocket Mini Dual Power 10 Function Calculator Small for Class Office School Students Kids, No Battery",28.99,3.8,1.5751273137946855
58,24 Pack Basic Calculators for Students Pocket Size Mini Calculators 8 Digit Display Basic Calculator Solar Battery Dual Power Handheld Calculators for Office School and Home,33.99,3.8,1.5514005547679122
